,loss,val_loss
0,0.004230143968015909,0.0036291189026087523
1,0.0037569927517324686,0.0035065358970314264
